CHROM	POS	REF	ALT	QUAL	TYPE	VEP	p1_GT	p2_GT	p3_GT	p4_GT	p5_GT	p6_GT	S1_GT	S2_GT	p1_DP	p2_DP	p3_DP	p4_DP	p5_DP	p6_DP	S1_DP	S2_DP	p1_AD	p2_AD	p3_AD	p4_AD	p5_AD	p6_AD	S1_AD	S2_AD
I	26412	G	C	48.3349	snp	C|missense_variant|MODERATE|FLO9|YAL063C|Transcript|YAL063C_mRNA|protein_coding|1/1||||1557|1557|519|I/M|atC/atG|||-1||SGD_GENE|	1	.	.	.	.	.	.	.	110	.	.	.	.	.	.	.	4;106	.	.	.	.	.	.	.
II	2335	CGCAC	AGCAT	24.8991	complex	AGCAT|missense_variant|MODERATE||YBL113C|Transcript|YBL113C_mRNA|protein_coding|1/1||||320-324|320-324|107-108|SA/NA|aGTGCG/aATGCT|||-1|||	.	.	.	.	.	1	.	.	.	.	.	.	.	2	.	.	.	.	.	.	.	0;2	.	.
IV	105720	A	T	1084.85	snp	T|missense_variant|MODERATE|ASF2|YDL197C|Transcript|YDL197C_mRNA|protein_coding|1/1||||775|775|259|L/I|Tta/Ata|||-1||SGD_GENE|	.	.	.	1	.	.	.	.	.	.	.	34	.	.	.	.	.	.	.	0;34	.	.	.	.
IV	454125	A	G	52.197	snp	G|missense_variant|MODERATE|RCR2|YDR003W|Transcript|YDR003W_mRNA|protein_coding|1/1||||4|4|2|I/V|Att/Gtt|||1||SGD_GENE|	.	1	.	.	1	.	.	.	.	2	.	.	2	.	.	.	.	0;2	.	.	0;2	.	.	.
IV	454750	A	C	68.1992	snp	C|upstream_gene_variant|MODIFIER||YDR003W-A|Transcript|YDR003W-A_mRNA|protein_coding|||||||||||32|1|||;C|missense_variant|MODERATE|RCR2|YDR003W|Transcript|YDR003W_mRNA|protein_coding|1/1||||629|629|210|K/T|aAg/aCg|||1||SGD_GENE|	1	1	.	.	.	.	.	.	2	4	.	.	.	.	.	.	0;2	0;4	.	.	.	.	.	.
IV	1407657	G	C	8667.17	snp	C|missense_variant|MODERATE|JIP4|YDR475C|Transcript|YDR475C_mRNA|protein_coding|1/1||||2438|2438|813|S/C|tCt/tGt|||-1||SGD_GENE|	1	1	1	1	1	1	.	.	246	268	44	58	76	58	.	.	0;244	0;268	0;44	0;58	0;76	0;58	.	.
IV	1525363	CTTCTCTCTG	GTT	102.324	complex	GTT|frameshift_variant|HIGH||YDR544C|Transcript|YDR544C_mRNA|protein_coding|1/1||||152-161|152-161|51-54|PERS/QX|cCAGAGAGAAGc/cAACc|||-1|||	.	.	0	.	.	.	.	.	.	.	20	.	.	.	.	.	.	.	0;4	.	.	.	.	.
IV	1525379	GTGTGTGGGTGTGTGG	TGTGTGGGTGTGGT	308.329	complex	TGTGTGGGTGTGGT|frameshift_variant|HIGH||YDR544C|Transcript|YDR544C_mRNA|protein_coding|1/1||||130-145|130-145|44-49|PHTHTP/TTPTHX|CCACACACCCACACACcc/ACCACACCCACACAcc|||-1|||	.	.	.	.	.	1	.	.	.	.	.	.	.	30	.	.	.	.	.	.	.	0;20	.	.
IV	1525396	TGTG	T	308.329	del	-|inframe_deletion|MODERATE||YDR544C|Transcript|YDR544C_mRNA|protein_coding|1/1||||125-127|125-127|42-43|PH/H|cCACac/cac|||-1|||	.	.	.	.	.	0	.	.	.	.	.	.	.	30	.	.	.	.	.	.	.	0;6	.	.
VII	1006607	G	C	1634.62	snp	C|missense_variant|MODERATE|MTM1|YGR257C|Transcript|YGR257C_mRNA|protein_coding|1/1||||699|699|233|D/E|gaC/gaG|||-1||SGD_GENE|	.	.	1	.	.	.	.	.	.	.	50	.	.	.	.	.	.	.	0;50	.	.	.	.	.
IX	385640	A	AT	51.999	ins	T|frameshift_variant|HIGH||YIR018C-A|Transcript|YIR018C-A_mRNA|protein_coding|1/1||||61-62|61-62|21|I/NX|att/aAtt|||-1|||	.	.	.	.	.	1	.	.	.	.	.	.	.	42	.	.	.	.	.	.	.	10;14	.	.
IX	391717	TA	AG	210.804	complex	AG|missense_variant|MODERATE||YIR019C|Transcript|YIR019C_mRNA|protein_coding|1/1||||1958-1959|1958-1959|653|V/A|gTA/gCT|||-1|||	.	.	.	1	.	.	.	.	.	.	.	36	.	.	.	.	.	.	.	4;32	.	.	.	.
X	470130	GTAATAA	G	698.737	del	-|downstream_gene_variant|MODIFIER|LSM8|YJR022W|Transcript|YJR022W_mRNA|protein_coding|||||||||||18|1||SGD_GENE|;-|inframe_deletion|MODERATE||YJR023C|Transcript|YJR023C_mRNA|protein_coding|1/1||||70-75|70-75|24-25|LL/-|TTATTA/-|||-1|||;-|downstream_gene_variant|MODIFIER|MDE1|YJR024C|Transcript|YJR024C_mRNA|protein_coding|||||||||||94|-1||SGD_GENE|	.	.	0	.	.	.	.	.	.	.	30	.	.	.	.	.	.	.	0;6	.	.	.	.	.
X	591266	T	G	6925.82	snp	G|missense_variant|MODERATE|GRR1|YJR090C|Transcript|YJR090C_mRNA|protein_coding|1/1||||3062|3062|1021|Y/S|tAt/tCt|||-1||SGD_GENE|	.	1	.	.	.	.	.	.	.	218	.	.	.	.	.	.	.	0;218	.	.	.	.	.	.
X	591344	A	C	6961.23	snp	C|missense_variant|MODERATE|GRR1|YJR090C|Transcript|YJR090C_mRNA|protein_coding|1/1||||2984|2984|995|I/R|aTa/aGa|||-1||SGD_GENE|	1	.	.	.	1	.	.	.	214	.	.	.	58	.	.	.	0;214	.	.	.	0;58	.	.	.
X	591729	A	G	843.025	snp	G|missense_variant|MODERATE|GRR1|YJR090C|Transcript|YJR090C_mRNA|protein_coding|1/1||||2599|2599|867|W/R|Tgg/Cgg|||-1||SGD_GENE|	.	.	.	1	.	.	.	.	.	.	.	28	.	.	.	.	.	.	.	0;28	.	.	.	.
X	592178	T	A	2368.09	snp	A|missense_variant|MODERATE|GRR1|YJR090C|Transcript|YJR090C_mRNA|protein_coding|1/1||||2150|2150|717|N/I|aAt/aTt|||-1||SGD_GENE|	.	.	1	.	.	.	.	.	.	.	72	.	.	.	.	.	.	.	0;72	.	.	.	.	.
XIV	6617	ACCCACAC	A	512.78	del	-|frameshift_variant|HIGH||YNL338W|Transcript|YNL338W_mRNA|protein_coding|1/1||||58-64|58-64|20-22|PTP/X|CCCACACcc/cc|||1|||	1	0	0	1	1	1	.	.	80	126	26	18	32	22	.	.	0;74	0;64	0;12	0;14	0;22	0;18	.	.
XIV	422226	G	C	1767.57	snp	C|stop_gained|HIGH|INP52|YNL106C|Transcript|YNL106C_mRNA|protein_coding|1/1||||2270|2270|757|S/*|tCa/tGa|||-1||SGD_GENE|	.	.	.	.	.	1	.	.	.	.	.	.	.	54	.	.	.	.	.	.	.	0;54	.	.
XV	512189	C	T	7610.54	snp	T|missense_variant|MODERATE|KTR1|YOR099W|Transcript|YOR099W_mRNA|protein_coding|1/1||||365|365|122|T/M|aCg/aTg|||1||SGD_GENE|	1	.	.	.	1	.	.	.	232	.	.	.	86	.	.	.	0;232	.	.	.	0;86	.	.	.
XV	722257	T	G	52.197	snp	G|missense_variant|MODERATE|HIS3|YOR202W|Transcript|YOR202W_mRNA|protein_coding|1/1||||312|312|104|F/L|ttT/ttG|||1||SGD_GENE|	1	1	.	.	.	.	.	.	2	2	.	.	.	.	.	.	0;2	0;2	.	.	.	.	.	.
XV	773264	G	C	8139.68	snp	C|missense_variant|MODERATE||YOR231C-A|Transcript|YOR231C-A_mRNA|protein_coding|1/1||||100|100|34|R/G|Cga/Gga|||-1|||;C|missense_variant|MODERATE|MKK1|YOR231W|Transcript|YOR231W_mRNA|protein_coding|1/1||||664|664|222|E/Q|Gag/Cag|||1||SGD_GENE|	1	1	1	1	1	1	.	.	232	254	52	66	70	58	.	.	0;232	2;252	0;52	0;66	0;70	0;58	.	.
XV	1037111	C	A	8123.69	snp	A|missense_variant|MODERATE|NUD1|YOR373W|Transcript|YOR373W_mRNA|protein_coding|1/1||||278|278|93|T/K|aCa/aAa|||1||SGD_GENE|	1	1	1	1	1	1	.	.	244	254	50	50	70	42	.	.	0;244	0;254	0;50	0;50	0;70	0;42	.	.
XV	1081552	A	T	40.6276	snp	T|missense_variant|MODERATE|ERR1|YOR393W|Transcript|YOR393W_mRNA|protein_coding|1/1||||1277|1277|426|Y/F|tAt/tTt|||1||SGD_GENE|	.	.	.	.	1	.	.	.	.	.	.	.	12	.	.	.	.	.	.	.	8;4	.	.	.
XV	1081563	A	T	59.4529	snp	T|missense_variant|MODERATE|ERR1|YOR393W|Transcript|YOR393W_mRNA|protein_coding|1/1||||1288|1288|430|R/W|Agg/Tgg|||1||SGD_GENE|	.	.	.	.	1	.	.	.	.	.	.	.	14	.	.	.	.	.	.	.	8;6	.	.	.
XV	1081569	CATGA	AATGT	23.7826	complex	AATGT|missense_variant|MODERATE|ERR1|YOR393W|Transcript|YOR393W_mRNA|protein_coding|1/1||||1294-1298|1294-1298|432-433|HD/NV|CATGAt/AATGTt|||1||SGD_GENE|	.	.	.	.	0	.	.	.	.	.	.	.	16	.	.	.	.	.	.	.	10;4	.	.	.
XV	1081580	C	A	34.9397	snp	A|missense_variant|MODERATE|ERR1|YOR393W|Transcript|YOR393W_mRNA|protein_coding|1/1||||1305|1305|435|N/K|aaC/aaA|||1||SGD_GENE|	.	.	.	.	1	.	.	.	.	.	.	.	16	.	.	.	.	.	.	.	10;6	.	.	.
Mito	11689	T	A	52.197	snp	A|missense_variant|MODERATE||Q0032|Transcript|Q0032_mRNA|protein_coding|1/1||||23|23|8|F/Y|tTt/tAt|||1|||	.	.	.	.	.	1	.	.	.	.	.	.	.	2	.	.	.	.	.	.	.	0;2	.	.
Mito	30883	A	T	49.3589	snp	T|missense_variant|MODERATE||Q0092|Transcript|Q0092_mRNA|protein_coding|1/1||||10|10|4|M/L|Ata/Tta|||1|||	.	.	.	.	.	1	.	.	.	.	.	.	.	4	.	.	.	.	.	.	.	2;2	.	.
Mito	30891	T	A	52.197	snp	A|missense_variant|MODERATE||Q0092|Transcript|Q0092_mRNA|protein_coding|1/1||||18|18|6|N/K|aaT/aaA|||1|||	.	.	.	.	.	1	.	.	.	.	.	.	.	2	.	.	.	.	.	.	.	0;2	.	.
Mito	54341	TAAT	AAAA	52.197	complex	AAAA|stop_gained|HIGH||Q0144|Transcript|Q0144_mRNA|protein_coding|1/1||||233-236|233-236|78-79|LM/*K|tTAATa/tAAAAa|||1|||	1	.	.	.	.	.	.	.	2	.	.	.	.	.	.	.	0;2	.	.	.	.	.	.	.
Mito	74307	G	A	16570.3	snp	A|missense_variant|MODERATE|COX2|Q0250|Transcript|Q0250_mRNA|protein_coding|1/1||||550|550|184|V/I|Gtt/Att|||1||SGD_GENE|;A|upstream_gene_variant|MODIFIER||Q0255|Transcript|Q0255_mRNA|protein_coding|||||||||||188|1|||	.	.	.	.	1	.	.	.	.	.	.	.	510	.	.	.	.	.	.	.	2;508	.	.	.
