CHROM;;POS;;REF;;QUAL;;QA;;CSQ;;TYPE;;NUMALT;p1_A0;p2_A0;p3_A0;p4_A0;p5_A0;p6_A0;S1_A0;S2_A0;p1_DP;p2_DP;p3_DP;p4_DP;p5_DP;p6_DP;S1_DP;S2_DP
I;;25340;;C;;7223.88;;5126;;A|missense_variant|MODERATE|FLO9|YAL063C|Transcript|YAL063C_mRNA|protein_coding|1/1||||2629|2629|877|A/S|Gcg/Tcg|||-1||SGD_GENE|;;snp;;1;;;;;;;;;;;;;;;;
I;;25872;;G;;75.5061;;400;;C|missense_variant|MODERATE|FLO9|YAL063C|Transcript|YAL063C_mRNA|protein_coding|1/1||||2097|2097|699|I/M|atC/atG|||-1||SGD_GENE|;;snp;;1;;;;;;;;;;;;;;;;
I;;26412;;G;;48.3349;;3732;;C|missense_variant|MODERATE|FLO9|YAL063C|Transcript|YAL063C_mRNA|protein_coding|1/1||||1557|1557|519|I/M|atC/atG|||-1||SGD_GENE|;;snp;;1;;;;;;;;;;;;;;;;
I;;27044;;C;;989.997;;2022;;T|missense_variant|MODERATE|FLO9|YAL063C|Transcript|YAL063C_mRNA|protein_coding|1/1||||925|925|309|V/I|Gtc/Atc|||-1||SGD_GENE|;;snp;;1;;;;;;;;;;;;;;;;
I;;27080;;CGGTG;;1690.38;;2406;;TAGTA|missense_variant|MODERATE|FLO9|YAL063C|Transcript|YAL063C_mRNA|protein_coding|1/1||||885-889|885-889|295-297|TTV/TTI|acCACCGtc/acTACTAtc|||-1||SGD_GENE|;;complex;;1;;;;;;;;;;;;;;;;
I;;141135;;A;;5258.91;;3016;;T|missense_variant|MODERATE||YAL004W|Transcript|YAL004W_mRNA|protein_coding|1/1||||376|376|126|R/W|Agg/Tgg|||1|||;T|synonymous_variant|LOW|SSA1|YAL005C|Transcript|YAL005C_mRNA|protein_coding|1/1||||297|297|99|P|ccT/ccA|||-1||SGD_GENE|;;snp;;1;;;;;;;;;;;;;;;
I;;141428;;A;;68.1992;;96;;C|downstream_gene_variant|MODIFIER||YAL004W|Transcript|YAL004W_mRNA|protein_coding|||||||||||21|1|||;C|missense_variant|MODERATE|SSA1|YAL005C|Transcript|YAL005C_mRNA|protein_coding|1/1||||4|4|2|S/A|Tca/Gca|||-1||SGD_GENE|;;snp;;1;;;;;;;;;;;;;;;
I;;206177;;GCA;;838.682;;1848;;CAC|missense_variant|MODERATE|FLO1|YAR050W|Transcript|YAR050W_mRNA|protein_coding|1/1||||2775-2777|2775-2777|925-926|TH/TT|acGCAc/acCACc|||1||SGD_GENE|;;complex;;1;;;;;;;;;;;;;;;;
II;;2263;;AGCAT;;87.5293;;702;;CGCAC|missense_variant|MODERATE||YBL113C|Transcript|YBL113C_mRNA|protein_coding|1/1||||392-396|392-396|131-132|NA/SA|aATGCT/aGTGCG|||-1|||;;complex;;1;;;;;;;;;;;;;;;;
II;;2335;;CGCAC;;24.8991;;64;;AGCAT|missense_variant|MODERATE||YBL113C|Transcript|YBL113C_mRNA|protein_coding|1/1||||320-324|320-324|107-108|SA/NA|aGTGCG/aATGCT|||-1|||;;complex;;1;;;;;;;;;;;;;;;;
II;;2354;;A;;79.5476;;74;;G|missense_variant|MODERATE||YBL113C|Transcript|YBL113C_mRNA|protein_coding|1/1||||305|305|102|I/T|aTc/aCc|||-1|||;;snp;;1;;;;;;;;;;;;;;;;
II;;5983;;C;;3671.25;;4130;;G|missense_variant|MODERATE||YBL109W|Transcript|YBL109W_mRNA|protein_coding|1/1||||194|194|65|S/C|tCt/tGt|||1|||;;snp;;1;;;;;;;;;;;;;;;;
II;;15101;;T;;8266.63;;4726;;G|missense_variant|MODERATE|PKC1|YBL105C|Transcript|YBL105C_mRNA|protein_coding|1/1||||2596|2596|866|I/L|Atc/Ctc|||-1||SGD_GENE|;;snp;;1;;;;;;;;;;;;;;;;
II;;474219;;T;;52.197;;74;;C|missense_variant|MODERATE||YBR116C|Transcript|YBR116C_mRNA|protein_coding|1/1||||508|508|170|R/G|Aga/Gga|||-1|||;C|downstream_gene_variant|MODIFIER|TKL2|YBR117C|Transcript|YBR117C_mRNA|protein_coding|||||||||||173|-1||SGD_GENE|;;snp;;1;;;;;;;;;;;;;;;
II;;474225;;C;;2381.84;;2936;;A|missense_variant|MODERATE||YBR116C|Transcript|YBR116C_mRNA|protein_coding|1/1||||502|502|168|A/S|Gct/Tct|||-1|||;A|downstream_gene_variant|MODIFIER|TKL2|YBR117C|Transcript|YBR117C_mRNA|protein_coding|||||||||||167|-1||SGD_GENE|;;snp;;1;;;;;;;;;;;;;;;
II;;474544;;A;;3824.63;;4290;;G|synonymous_variant|LOW||YBR116C|Transcript|YBR116C_mRNA|protein_coding|1/1||||183|183|61|R|cgT/cgC|||-1|||;G|missense_variant|MODERATE|TKL2|YBR117C|Transcript|YBR117C_mRNA|protein_coding|1/1||||1894|1894|632|F/L|Ttc/Ctc|||-1||SGD_GENE|;;snp;;1;;;;;;;;;;;;;;;
II;;478911;;G;;39.1085;;74;;T|missense_variant|MODERATE|TEF2|YBR118W|Transcript|YBR118W_mRNA|protein_coding|1/1||||1241|1241|414|S/I|aGt/aTt|||1||SGD_GENE|;;snp;;1;;;;;;;;;;;;;;;;
III;;148615;;C;;172.717;;74;;T|missense_variant|MODERATE|SRD1|YCR018C|Transcript|YCR018C_mRNA|protein_coding|1/1||||289|289|97|E/K|Gaa/Aaa|||-1||SGD_GENE|;;snp;;1;;;;;;;;;;;;;;;;
III;;151669;;G;;50.3894;;74;;C|missense_variant|MODERATE||YCR018C-A|Transcript|YCR018C-A_mRNA|protein_coding|1/1||||194|194|65|S/C|tCc/tGc|||-1|||;;snp;;1;;;;;;;;;;;;;;;;
III;;162640;;T;;7490.6;;3970;;G|missense_variant|MODERATE||YCR024C-B|Transcript|YCR024C-B_mRNA|protein_coding|1/1||||226|226|76|S/R|Agc/Cgc|||-1|||;;snp;;1;;;;;;;;;;;;;;;;
IV;;105720;;A;;1084.85;;1234;;T|missense_variant|MODERATE|ASF2|YDL197C|Transcript|YDL197C_mRNA|protein_coding|1/1||||775|775|259|L/I|Tta/Ata|||-1||SGD_GENE|;;snp;;1;;;;;;;;;;;;;;;;
IV;;454125;;A;;52.197;;74;;G|missense_variant|MODERATE|RCR2|YDR003W|Transcript|YDR003W_mRNA|protein_coding|1/1||||4|4|2|I/V|Att/Gtt|||1||SGD_GENE|;;snp;;1;;;;;;;;;;;;;;;;
IV;;454750;;A;;68.1992;;96;;C|upstream_gene_variant|MODIFIER||YDR003W-A|Transcript|YDR003W-A_mRNA|protein_coding|||||||||||32|1|||;C|missense_variant|MODERATE|RCR2|YDR003W|Transcript|YDR003W_mRNA|protein_coding|1/1||||629|629|210|K/T|aAg/aCg|||1||SGD_GENE|;;snp;;1;;;;;;;;;;;;;;;
IV;;1402305;;C;;7640.91;;4338;;T|missense_variant|MODERATE|RPL27B|YDR471W|Transcript|YDR471W_mRNA|protein_coding|2/2||||152|152|51|S/L|tCa/tTa|||1||SGD_GENE|;;snp;;1;;;;;;;;;;;;;;;;
IV;;1407657;;G;;8667.17;;2074;;C|missense_variant|MODERATE|JIP4|YDR475C|Transcript|YDR475C_mRNA|protein_coding|1/1||||2438|2438|813|S/C|tCt/tGt|||-1||SGD_GENE|;;snp;;1;;;;;;;;;;;;;;;;
IV;;1433710;;A;;8578.43;;4604;;T|missense_variant|MODERATE|PKH1|YDR490C|Transcript|YDR490C_mRNA|protein_coding|1/1||||559|559|187|F/I|Ttc/Atc|||-1||SGD_GENE|;;snp;;1;;;;;;;;;;;;;;;;
IV;;1525313;;T;;6039.66;;3414;;G|missense_variant|MODERATE||YDR544C|Transcript|YDR544C_mRNA|protein_coding|1/1||||211|211|71|I/L|Att/Ctt|||-1|||;;snp;;1;;;;;;;;;;;;;;;;
IV;;1525335;;C;;4234.13;;2388;;G|missense_variant|MODERATE||YDR544C|Transcript|YDR544C_mRNA|protein_coding|1/1||||189|189|63|K/N|aaG/aaC|||-1|||;;snp;;1;;;;;;;;;;;;;;;;
IV;;1525340;;C;;3655.7;;2146;;A|missense_variant|MODERATE||YDR544C|Transcript|YDR544C_mRNA|protein_coding|1/1||||184|184|62|A/S|Gcc/Tcc|||-1|||;;snp;;1;;;;;;;;;;;;;;;;
IV;;1525345;;C;;3466.52;;1922;;G|missense_variant|MODERATE||YDR544C|Transcript|YDR544C_mRNA|protein_coding|1/1||||179|179|60|R/T|aGa/aCa|||-1|||;;snp;;1;;;;;;;;;;;;;;;;
IV;;1525351;;C;;3011.55;;1924;;G|missense_variant|MODERATE||YDR544C|Transcript|YDR544C_mRNA|protein_coding|1/1||||173|173|58|R/T|aGa/aCa|||-1|||;;snp;;1;;;;;;;;;;;;;;;;
IV;;1525357;;C;;2651.65;;1802;;G|missense_variant|MODERATE||YDR544C|Transcript|YDR544C_mRNA|protein_coding|1/1||||167|167|56|S/T|aGc/aCc|||-1|||;;snp;;1;;;;;;;;;;;;;;;;
IV;;1525363;;CTTCTCTC;;1212.66;;814;;GTTGTGTG|missense_variant|MODERATE||YDR544C|Transcript|YDR544C_mRNA|protein_coding|1/1||||154-161|154-161|52-54|ERS/HTT|GAGAGAAGc/CACACAACc|||-1|||;;complex;;1;;;;;;;;;;;;;;;;
V;;154531;;T;;7594.17;;5230;;A|missense_variant|MODERATE|MNN1|YER001W|Transcript|YER001W_mRNA|protein_coding|1/1||||1012|1012|338|S/T|Tct/Act|||1||SGD_GENE|;;snp;;1;;;;;;;;;;;;;;;;
V;;352394;;A;;7640.08;;5432;;G|missense_variant|MODERATE|SHC1|YER096W|Transcript|YER096W_mRNA|protein_coding|1/1||||697|697|233|K/E|Aaa/Gaa|||1||SGD_GENE|;;snp;;1;;;;;;;;;;;;;;;;
VII;;386978;;CG;;5374.42;;4638;;GC|missense_variant|MODERATE|PYC1|YGL062W|Transcript|YGL062W_mRNA|protein_coding|1/1||||1783-1784|1783-1784|595|R/A|CGt/GCt|||1||SGD_GENE|;;complex;;1;;;;;;;;;;;;;;;;
VII;;1006277;;GCG;;6919.57;;3850;;CGC|downstream_gene_variant|MODIFIER|GND2|YGR256W|Transcript|YGR256W_mRNA|protein_coding|||||||||||175|1||SGD_GENE|;CGC|missense_variant|MODERATE|MTM1|YGR257C|Transcript|YGR257C_mRNA|protein_coding|1/1||||1027-1029|1027-1029|343|R/A|CGC/GCG|||-1||SGD_GENE|;;complex;;1;;;;;;;;;;;;;;;
VII;;1006607;;G;;1634.62;;1850;;C|missense_variant|MODERATE|MTM1|YGR257C|Transcript|YGR257C_mRNA|protein_coding|1/1||||699|699|233|D/E|gaC/gaG|||-1||SGD_GENE|;;snp;;1;;;;;;;;;;;;;;;;
VIII;;216123;;C;;501.018;;740;;T|missense_variant|MODERATE|RSC30|YHR056C|Transcript|YHR056C_mRNA|protein_coding|1/1||||1712|1712|571|G/D|gGt/gAt|||-1||SGD_GENE|;;snp;;1;;;;;;;;;;;;;;;;
VIII;;499958;;C;;4044.86;;4540;;T|downstream_gene_variant|MODIFIER|RPN10|YHR200W|Transcript|YHR200W_mRNA|protein_coding|||||||||||73|1||SGD_GENE|;T|missense_variant|MODERATE|PPX1|YHR201C|Transcript|YHR201C_mRNA|protein_coding|1/1||||1186|1186|396|E/K|Gaa/Aaa|||-1||SGD_GENE|;;snp;;1;;;;;;;;;;;;;;;
IX;;105433;;A;;4160.22;;2384;;AAT|inframe_insertion|MODERATE|ASG1|YIL130W|Transcript|YIL130W_mRNA|protein_coding|1/1||||2652-2653|2652-2653|884-885|-/N|-/AAT|||1||SGD_GENE|;;ins;;1;;;;;;;;;;;;;;;;
IX;;318694;;T;;7926.12;;4814;;A|missense_variant|MODERATE|VID28|YIL017C|Transcript|YIL017C_mRNA|protein_coding|1/1||||2272|2272|758|N/Y|Aat/Tat|||-1||SGD_GENE|;;snp;;1;;;;;;;;;;;;;;;;
IX;;391717;;TA;;210.804;;1020;;AG|missense_variant|MODERATE||YIR019C|Transcript|YIR019C_mRNA|protein_coding|1/1||||1958-1959|1958-1959|653|V/A|gTA/gCT|||-1|||;;complex;;1;;;;;;;;;;;;;;;;
X;;470130;;GTAA;;2111.73;;1258;;-|downstream_gene_variant|MODIFIER|LSM8|YJR022W|Transcript|YJR022W_mRNA|protein_coding|||||||||||18|1||SGD_GENE|;-|inframe_deletion|MODERATE||YJR023C|Transcript|YJR023C_mRNA|protein_coding|1/1||||73-75|73-75|25|L/-|TTA/-|||-1|||;-|downstream_gene_variant|MODIFIER|MDE1|YJR024C|Transcript|YJR024C_mRNA|protein_coding|||||||||||97|-1||SGD_GENE|;;del;;1;;;;;;;;;;;;;;
X;;591266;;T;;6925.82;;7742;;G|missense_variant|MODERATE|GRR1|YJR090C|Transcript|YJR090C_mRNA|protein_coding|1/1||||3062|3062|1021|Y/S|tAt/tCt|||-1||SGD_GENE|;;snp;;1;;;;;;;;;;;;;;;;
X;;591344;;A;;6961.23;;2146;;C|missense_variant|MODERATE|GRR1|YJR090C|Transcript|YJR090C_mRNA|protein_coding|1/1||||2984|2984|995|I/R|aTa/aGa|||-1||SGD_GENE|;;snp;;1;;;;;;;;;;;;;;;;
X;;591729;;A;;843.025;;984;;G|missense_variant|MODERATE|GRR1|YJR090C|Transcript|YJR090C_mRNA|protein_coding|1/1||||2599|2599|867|W/R|Tgg/Cgg|||-1||SGD_GENE|;;snp;;1;;;;;;;;;;;;;;;;
X;;592178;;T;;2368.09;;2664;;A|missense_variant|MODERATE|GRR1|YJR090C|Transcript|YJR090C_mRNA|protein_coding|1/1||||2150|2150|717|N/I|aAt/aTt|||-1||SGD_GENE|;;snp;;1;;;;;;;;;;;;;;;;
X;;715095;;GAGTG;;5108.32;;3274;;AAGTT|missense_variant|MODERATE|DAN4|YJR151C|Transcript|YJR151C_mRNA|protein_coding|1/1||||642-646|642-646|214-216|TTP/TTS|acCACTCct/acAACTTct|||-1||SGD_GENE|;;complex;;1;;;;;;;;;;;;;;;;
X;;715122;;GAGTAGTCGAT;;2205.8;;2160;;AAGTTGTAGAA|missense_variant|MODERATE|DAN4|YJR151C|Transcript|YJR151C_mRNA|protein_coding|1/1||||609-619|609-619|203-207|TSTTP/TSTTS|acATCGACTACTCct/acTTCTACAACTTct|||-1||SGD_GENE|;;complex;;1;;;;;;;;;;;;;;;;
XI;;451568;;GGAACAC;;6242.64;;3276;;-|inframe_deletion|MODERATE|MEH1|YKR007W|Transcript|YKR007W_mRNA|protein_coding|1/1||||136-141|136-141|46-47|EH/-|GAACAC/-|||1||SGD_GENE|;;del;;1;;;;;;;;;;;;;;;;
XII;;291384;;ACA;;8318.11;;3460;;GCG|missense_variant|MODERATE|GAL2|YLR081W|Transcript|YLR081W_mRNA|protein_coding|1/1||||1173-1175|1173-1175|391-392|GH/GR|ggACAt/ggGCGt|||1||SGD_GENE|;;complex;;1;;;;;;;;;;;;;;;;
XII;;528749;;T;;8879.6;;3164;;A|missense_variant|MODERATE|MDL1|YLR188W|Transcript|YLR188W_mRNA|protein_coding|1/1||||450|450|150|F/L|ttT/ttA|||1||SGD_GENE|;;snp;;1;;;;;;;;;;;;;;;;
XII;;995573;;A;;3275.45;;3698;;C|missense_variant|MODERATE|SEN1|YLR430W|Transcript|YLR430W_mRNA|protein_coding|1/1||||2140|2140|714|K/Q|Aag/Cag|||1||SGD_GENE|;;snp;;1;;;;;;;;;;;;;;;;
XII;;1039435;;T;;9034.02;;5104;;A|missense_variant|MODERATE|SST2|YLR452C|Transcript|YLR452C_mRNA|protein_coding|1/1||||1932|1932|644|E/D|gaA/gaT|||-1||SGD_GENE|;;snp;;1;;;;;;;;;;;;;;;;
XIII;;34473;;T;;8473.33;;4962;;G|missense_variant|MODERATE|NAB6|YML117W|Transcript|YML117W_mRNA|protein_coding|1/1||||231|231|77|F/L|ttT/ttG|||1||SGD_GENE|;;snp;;1;;;;;;;;;;;;;;;;
XIII;;325905;;T;;8481.37;;3992;;A|missense_variant|MODERATE||YMR027W|Transcript|YMR027W_mRNA|protein_coding|1/1||||29|29|10|I/N|aTt/aAt|||1|||;;snp;;1;;;;;;;;;;;;;;;;
XIII;;630505;;A;;7594.22;;3600;;G|missense_variant|MODERATE|RTP1|YMR185W|Transcript|YMR185W_mRNA|protein_coding|1/1||||1481|1481|494|D/G|gAt/gGt|||1||SGD_GENE|;;snp;;1;;;;;;;;;;;;;;;;
XIII;;672129;;T;;8290.38;;4574;;C|missense_variant|MODERATE|PFK2|YMR205C|Transcript|YMR205C_mRNA|protein_coding|1/1||||2638|2638|880|K/E|Aaa/Gaa|||-1||SGD_GENE|;;snp;;1;;;;;;;;;;;;;;;;
XIII;;680936;;TTTTC;;7466.67;;4096;;CTTTT|missense_variant|MODERATE|HFA1|YMR207C|Transcript|YMR207C_mRNA|protein_coding|1/1||||2625-2629|2625-2629|875-877|LKK/LKE|ttGAAAAaa/ttAAAAGaa|||-1||SGD_GENE|;;complex;;1;;;;;;;;;;;;;;;;
XIII;;908174;;GTAATT;;1603.16;;3234;;TCAGTG|missense_variant|MODERATE||YMR317W|Transcript|YMR317W_mRNA|protein_coding|1/1||||811-816|811-816|271-272|VI/SV|GTAATT/TCAGTG|||1|||;;complex;;1;;;;;;;;;;;;;;;;
XIII;;908196;;GGG;;2931.51;;3704;;CGT|missense_variant|MODERATE||YMR317W|Transcript|YMR317W_mRNA|protein_coding|1/1||||833-835|833-835|278-279|WA/SS|tGGGca/tCGTca|||1|||;;complex;;1;;;;;;;;;;;;;;;;
XIV;;189585;;C;;3934.62;;4410;;T|missense_variant|MODERATE|SLA2|YNL243W|Transcript|YNL243W_mRNA|protein_coding|1/1||||1535|1535|512|S/F|tCc/tTc|||1||SGD_GENE|;;snp;;1;;;;;;;;;;;;;;;;
XIV;;312328;;AACG;;6863.05;;3892;;-|inframe_deletion|MODERATE|APC1|YNL172W|Transcript|YNL172W_mRNA|protein_coding|1/1||||1694-1696|1694-1696|565-566|ND/N|aACGac/aac|||1||SGD_GENE|;;del;;1;;;;;;;;;;;;;;;;
XIV;;377887;;G;;7639.21;;3800;;T|missense_variant|MODERATE|KRE33|YNL132W|Transcript|YNL132W_mRNA|protein_coding|1/1||||2567|2567|856|G/V|gGt/gTt|||1||SGD_GENE|;;snp;;1;;;;;;;;;;;;;;;;
XIV;;471767;;A;;8073.62;;5110;;G|missense_variant|MODERATE|SAL1|YNL083W|Transcript|YNL083W_mRNA|protein_coding|1/1||||391|391|131|M/V|Atg/Gtg|||1||SGD_GENE|;;snp;;1;;;;;;;;;;;;;;;;
XV;;50010;;ATC;;7597.4;;3952;;TTT|missense_variant|MODERATE|CTR9|YOL145C|Transcript|YOL145C_mRNA|protein_coding|1/1||||2777-2779|2777-2779|926-927|GW/ER|gGATgg/gAAAgg|||-1||SGD_GENE|;;complex;;1;;;;;;;;;;;;;;;;
XV;;79304;;AT;;7808.49;;3466;;TA|missense_variant|MODERATE|YGK3|YOL128C|Transcript|YOL128C_mRNA|protein_coding|1/1||||175-176|175-176|59|I/Y|ATt/TAt|||-1||SGD_GENE|;;complex;;1;;;;;;;;;;;;;;;;
XV;;142536;;A;;3784.05;;4246;;C|missense_variant|MODERATE|RFC4|YOL094C|Transcript|YOL094C_mRNA|protein_coding|1/1||||20|20|7|L/W|tTg/tGg|||-1||SGD_GENE|;;snp;;1;;;;;;;;;;;;;;;;
XV;;512189;;C;;7610.54;;3134;;T|missense_variant|MODERATE|KTR1|YOR099W|Transcript|YOR099W_mRNA|protein_coding|1/1||||365|365|122|T/M|aCg/aTg|||1||SGD_GENE|;;snp;;1;;;;;;;;;;;;;;;;
XV;;644570;;C;;100.696;;148;;A|missense_variant|MODERATE|SEY1|YOR165W|Transcript|YOR165W_mRNA|protein_coding|1/1||||5|5|2|A/D|gCt/gAt|||1||SGD_GENE|;;snp;;1;;;;;;;;;;;;;;;;
XV;;722257;;T;;52.197;;74;;G|missense_variant|MODERATE|HIS3|YOR202W|Transcript|YOR202W_mRNA|protein_coding|1/1||||312|312|104|F/L|ttT/ttG|||1||SGD_GENE|;;snp;;1;;;;;;;;;;;;;;;;
XV;;722439;;A;;52.197;;74;;C|missense_variant|MODERATE|HIS3|YOR202W|Transcript|YOR202W_mRNA|protein_coding|1/1||||494|494|165|E/A|gAa/gCa|||1||SGD_GENE|;C|upstream_gene_variant|MODIFIER||YOR203W|Transcript|YOR203W_mRNA|protein_coding|||||||||||126|1|||;;snp;;1;;;;;;;;;;;;;;;
XV;;773264;;G;;8139.68;;2098;;C|missense_variant|MODERATE||YOR231C-A|Transcript|YOR231C-A_mRNA|protein_coding|1/1||||100|100|34|R/G|Cga/Gga|||-1|||;C|missense_variant|MODERATE|MKK1|YOR231W|Transcript|YOR231W_mRNA|protein_coding|1/1||||664|664|222|E/Q|Gag/Cag|||1||SGD_GENE|;;snp;;1;;;;;;;;;;;;;;;
XV;;1037111;;C;;8123.69;;1554;;A|missense_variant|MODERATE|NUD1|YOR373W|Transcript|YOR373W_mRNA|protein_coding|1/1||||278|278|93|T/K|aCa/aAa|||1||SGD_GENE|;;snp;;1;;;;;;;;;;;;;;;;
XV;;1081552;;A;;40.6276;;76;;T|missense_variant|MODERATE|ERR1|YOR393W|Transcript|YOR393W_mRNA|protein_coding|1/1||||1277|1277|426|Y/F|tAt/tTt|||1||SGD_GENE|;;snp;;1;;;;;;;;;;;;;;;;
XV;;1081563;;A;;59.4529;;106;;T|missense_variant|MODERATE|ERR1|YOR393W|Transcript|YOR393W_mRNA|protein_coding|1/1||||1288|1288|430|R/W|Agg/Tgg|||1||SGD_GENE|;;snp;;1;;;;;;;;;;;;;;;;
XV;;1081580;;C;;34.9397;;96;;A|missense_variant|MODERATE|ERR1|YOR393W|Transcript|YOR393W_mRNA|protein_coding|1/1||||1305|1305|435|N/K|aaC/aaA|||1||SGD_GENE|;;snp;;1;;;;;;;;;;;;;;;;
XVI;;144689;;AGGAAACGTC;;4537.17;;1404;;-|inframe_deletion|MODERATE||YPL216W|Transcript|YPL216W_mRNA|protein_coding|1/1||||870-878|870-878|290-293|KETS/K|aaGGAAACGTCg/aag|||1|||;;del;;1;;;;;;;;;;;;;;;;
XVI;;191944;;C;;7932.58;;5024;;T|missense_variant|MODERATE|POS5|YPL188W|Transcript|YPL188W_mRNA|protein_coding|1/1||||539|539|180|S/L|tCa/tTa|||1||SGD_GENE|;;snp;;1;;;;;;;;;;;;;;;;
XVI;;759400;;T;;8713.74;;4220;;G|missense_variant|MODERATE|RRG8|YPR116W|Transcript|YPR116W_mRNA|protein_coding|1/1||||753|753|251|N/K|aaT/aaG|||1||SGD_GENE|;;snp;;1;;;;;;;;;;;;;;;;
XVI;;890346;;T;;7240.45;;3520;;A|missense_variant|MODERATE|DPB2|YPR175W|Transcript|YPR175W_mRNA|protein_coding|1/1||||1373|1373|458|F/Y|tTt/tAt|||1||SGD_GENE|;;snp;;1;;;;;;;;;;;;;;;;
Mito;;11689;;T;;52.197;;74;;A|missense_variant|MODERATE||Q0032|Transcript|Q0032_mRNA|protein_coding|1/1||||23|23|8|F/Y|tTt/tAt|||1|||;;snp;;1;;;;;;;;;;;;;;;;
Mito;;20934;;T;;19231.1;;20080;;G|missense_variant|MODERATE|COX1|Q0045|Transcript|Q0045_mRNA|protein_coding|4/8||||670|670|224|S/A|Tca/Gca|||1||SGD_GENE|;G|missense_variant|MODERATE|AI4|Q0065|Transcript|Q0065_mRNA|protein_coding|4/4||||670|670|224|S/A|Tca/Gca|||1||SGD_GENE|;G|missense_variant|MODERATE|AI5_ALPHA|Q0070|Transcript|Q0070_mRNA|protein_coding|4/5||||670|670|224|S/A|Tca/Gca|||1||SGD_GENE|;;snp;;1;;;;;;;;;;;;;;
Mito;;30883;;A;;49.3589;;74;;T|missense_variant|MODERATE||Q0092|Transcript|Q0092_mRNA|protein_coding|1/1||||10|10|4|M/L|Ata/Tta|||1|||;;snp;;1;;;;;;;;;;;;;;;;
Mito;;30891;;T;;52.197;;74;;A|missense_variant|MODERATE||Q0092|Transcript|Q0092_mRNA|protein_coding|1/1||||18|18|6|N/K|aaT/aaA|||1|||;;snp;;1;;;;;;;;;;;;;;;;
Mito;;39517;;G;;17036.7;;18994;;T|intron_variant|MODIFIER|COB|Q0105|Transcript|Q0105_mRNA|protein_coding||3/5||||||||||1||SGD_GENE|;T|missense_variant|MODERATE|BI3|Q0115|Transcript|Q0115_mRNA|protein_coding|3/3||||806|806|269|G/V|gGt/gTt|||1||SGD_GENE|;T|intron_variant|MODIFIER|BI4|Q0120|Transcript|Q0120_mRNA|protein_coding||3/3||||||||||1||SGD_GENE|;;snp;;1;;;;;;;;;;;;;;
Mito;;74307;;G;;16570.3;;18472;;A|missense_variant|MODERATE|COX2|Q0250|Transcript|Q0250_mRNA|protein_coding|1/1||||550|550|184|V/I|Gtt/Att|||1||SGD_GENE|;A|upstream_gene_variant|MODIFIER||Q0255|Transcript|Q0255_mRNA|protein_coding|||||||||||188|1|||;;snp;;1;;;;;;;;;;;;;;;
